Site ID,Date Collected,Pellet Length,Pellet Dry Mass (g),Pellet ID,Taxon,Abbreviated Taxon,Number of Individuals,Vert or Invert
H31,12/10/20,1.9,0.441,UCSB-IZC00041840,Orthoptera,Orthoptera,NA,Invertebrate
AB3N,7/4/21,2.4,1.264,UCSB-IZC00043586,Orthoptera,Orthoptera,NA,Invertebrate
AB3N,7/4/21,3.6,1.806,UCSB-IZC00043593,Orthoptera,Orthoptera,NA,Invertebrate
AB3N,7/1/21,1.7,0.326,UCSB-IZC00044826,Orthoptera,Orthoptera,NA,Invertebrate
AB3N,1/20/21,2.8,0.786,UCSB-IZC00044827,Orthoptera,Orthoptera,NA,Invertebrate
AB3N,12/4/20,3.7,1.655,UCSB-IZC00044853,Orthoptera,Orthoptera,NA,Invertebrate
AB2S,10/12/20,1.4,0.226,UCSB-IZC00044854,Orthoptera,Orthoptera,NA,Invertebrate
AB3N,12/4/20,1.6,0.615,UCSB-IZC00044859,Orthoptera,Orthoptera,NA,Invertebrate
AB2S,10/12/20,2.1,0.623,UCSB-IZC00044860,Orthoptera,Orthoptera,NA,Invertebrate
AB2S,10/12/20,3,1.187,UCSB-IZC00044866,Orthoptera,Orthoptera,NA,Invertebrate
Pyramid Rock,12/21/20,2.5,0.753,UCSB-IZC00045486,Orthoptera,Orthoptera,NA,Invertebrate
AB2S,4/16/21,2.7,0.984,UCSB-IZC00045491,Orthoptera,Orthoptera,NA,Invertebrate
AB3S,4/16/21,1.6,0.497,UCSB-IZC00045499,Orthoptera,Orthoptera,NA,Invertebrate
Pyramid Rock,12/12/20,2.2,1.062,UCSB-IZC00045511,Orthoptera,Orthoptera,NA,Invertebrate
Pyramid Rock,12/21/20,2,0.433,UCSB-IZC00045535,Orthoptera,Orthoptera,NA,Invertebrate
AB3S,4/16/21,1.8,0.547,UCSB-IZC00045907,Orthoptera,Orthoptera,NA,Invertebrate
AB3S,4/16/21,1.8,0.291,UCSB-IZC00045913,Orthoptera,Orthoptera,NA,Invertebrate
AB3S,4/16/21,1.6,0.441,UCSB-IZC00045947,Orthoptera,Orthoptera,NA,Invertebrate
AB3S,4/16/21,2.3,0.616,UCSB-IZC00045948,Orthoptera,Orthoptera,NA,Invertebrate
Pyramid Rock,12/21/20,2.9,0.917,UCSB-IZC00045957,Orthoptera,Orthoptera,NA,Invertebrate
H31,2/10/20,1.9,0.51,UCSB-IZC00046046,Orthoptera,Orthoptera,NA,Invertebrate
AB3,4/16/21,2.2,0.344,UCSB-IZC00046051,Orthoptera,Orthoptera,NA,Invertebrate
AB3S,4/16/21,2,0.738,UCSB-IZC00046321,Orthoptera,Orthoptera,NA,Invertebrate
AB3,4/16/21,3.1,0.833,UCSB-IZC00046340,Orthoptera,Orthoptera,NA,Invertebrate
AB2,4/16/21,1.9,0.906,UCSB-IZC00046345,Orthoptera,Orthoptera,NA,Invertebrate
AB2S,2/12/20,NA,NA,UCSB-IZC00046358,Orthoptera,Orthoptera,NA,Invertebrate
H31,10/12/20,3.5,1.801,UCSB-IZC00046363,Orthoptera,Orthoptera,NA,Invertebrate
Pyramid Rock,12/21/20,NA,0.312,UCSB-IZC00046381,Orthoptera,Orthoptera,NA,Invertebrate
AB3S,4/16/21,2.8,0.97,UCSB-IZC00046453,Orthoptera,Orthoptera,NA,Invertebrate
AB3S,4/16/21,2.9,0.507,UCSB-IZC00046468,Orthoptera,Orthoptera,NA,Invertebrate
H31,12/21/20,3.2,0.754,UCSB-IZC00046741,Orthoptera,Orthoptera,NA,Invertebrate
H32,12/22/20,2.7,1.204,UCSB-IZC00046796,Orthoptera,Orthoptera,NA,Invertebrate
Pyramid Rock,12/22/20,3.3,0.902,UCSB-IZC00046831,Orthoptera,Orthoptera,NA,Invertebrate
H31,12/10/20,1.9,0.441,UCSB-IZC00041840,"Armadillidium sp. Brandt, 1831",Armadillidium,1,Invertebrate
AB3N,7/4/21,2.4,1.264,UCSB-IZC00043586,"Armadillidium sp. Brandt, 1831",Armadillidium,35,Invertebrate
AB3N,7/4/21,3.6,1.806,UCSB-IZC00043593,"Armadillidium sp. Brandt, 1831",Armadillidium,0,Invertebrate
AB3N,7/1/21,1.7,0.326,UCSB-IZC00044826,"Armadillidium sp. Brandt, 1831",Armadillidium,0,Invertebrate
AB3N,1/20/21,2.8,0.786,UCSB-IZC00044827,"Armadillidium sp. Brandt, 1831",Armadillidium,0,Invertebrate
AB3N,12/4/20,3.7,1.655,UCSB-IZC00044853,"Armadillidium sp. Brandt, 1831",Armadillidium,0,Invertebrate
AB2S,10/12/20,1.4,0.226,UCSB-IZC00044854,"Armadillidium sp. Brandt, 1831",Armadillidium,0,Invertebrate
AB3N,12/4/20,1.6,0.615,UCSB-IZC00044859,"Armadillidium sp. Brandt, 1831",Armadillidium,0,Invertebrate
AB2S,10/12/20,2.1,0.623,UCSB-IZC00044860,"Armadillidium sp. Brandt, 1831",Armadillidium,0,Invertebrate
AB2S,10/12/20,3,1.187,UCSB-IZC00044866,"Armadillidium sp. Brandt, 1831",Armadillidium,0,Invertebrate
Pyramid Rock,12/21/20,2.5,0.753,UCSB-IZC00045486,"Armadillidium sp. Brandt, 1831",Armadillidium,0,Invertebrate
AB2S,4/16/21,2.7,0.984,UCSB-IZC00045491,"Armadillidium sp. Brandt, 1831",Armadillidium,0,Invertebrate
AB3S,4/16/21,1.6,0.497,UCSB-IZC00045499,"Armadillidium sp. Brandt, 1831",Armadillidium,15,Invertebrate
Pyramid Rock,12/12/20,2.2,1.062,UCSB-IZC00045511,"Armadillidium sp. Brandt, 1831",Armadillidium,0,Invertebrate
Pyramid Rock,12/21/20,2,0.433,UCSB-IZC00045535,"Armadillidium sp. Brandt, 1831",Armadillidium,0,Invertebrate
AB3S,4/16/21,1.8,0.547,UCSB-IZC00045907,"Armadillidium sp. Brandt, 1831",Armadillidium,60,Invertebrate
AB3S,4/16/21,1.8,0.291,UCSB-IZC00045913,"Armadillidium sp. Brandt, 1831",Armadillidium,0,Invertebrate
AB3S,4/16/21,1.6,0.441,UCSB-IZC00045947,"Armadillidium sp. Brandt, 1831",Armadillidium,39,Invertebrate
AB3S,4/16/21,2.3,0.616,UCSB-IZC00045948,"Armadillidium sp. Brandt, 1831",Armadillidium,2,Invertebrate
Pyramid Rock,12/21/20,2.9,0.917,UCSB-IZC00045957,"Armadillidium sp. Brandt, 1831",Armadillidium,0,Invertebrate
H31,2/10/20,1.9,0.51,UCSB-IZC00046046,"Armadillidium sp. Brandt, 1831",Armadillidium,1,Invertebrate
AB3,4/16/21,2.2,0.344,UCSB-IZC00046051,"Armadillidium sp. Brandt, 1831",Armadillidium,0,Invertebrate
AB3S,4/16/21,2,0.738,UCSB-IZC00046321,"Armadillidium sp. Brandt, 1831",Armadillidium,90,Invertebrate
AB3,4/16/21,3.1,0.833,UCSB-IZC00046340,"Armadillidium sp. Brandt, 1831",Armadillidium,69,Invertebrate
AB2,4/16/21,1.9,0.906,UCSB-IZC00046345,"Armadillidium sp. Brandt, 1831",Armadillidium,0,Invertebrate
AB2S,2/12/20,NA,NA,UCSB-IZC00046358,"Armadillidium sp. Brandt, 1831",Armadillidium,0,Invertebrate
H31,10/12/20,3.5,1.801,UCSB-IZC00046363,"Armadillidium sp. Brandt, 1831",Armadillidium,0,Invertebrate
Pyramid Rock,12/21/20,NA,0.312,UCSB-IZC00046381,"Armadillidium sp. Brandt, 1831",Armadillidium,0,Invertebrate
AB3S,4/16/21,2.8,0.97,UCSB-IZC00046453,"Armadillidium sp. Brandt, 1831",Armadillidium,4,Invertebrate
AB3S,4/16/21,2.9,0.507,UCSB-IZC00046468,"Armadillidium sp. Brandt, 1831",Armadillidium,15,Invertebrate
H31,12/21/20,3.2,0.754,UCSB-IZC00046741,"Armadillidium sp. Brandt, 1831",Armadillidium,0,Invertebrate
H32,12/22/20,2.7,1.204,UCSB-IZC00046796,"Armadillidium sp. Brandt, 1831",Armadillidium,0,Invertebrate
Pyramid Rock,12/22/20,3.3,0.902,UCSB-IZC00046831,"Armadillidium sp. Brandt, 1831",Armadillidium,0,Invertebrate
H31,12/10/20,1.9,0.441,UCSB-IZC00041840,Coleoptera,Coleoptera,4,Invertebrate
AB3N,7/4/21,2.4,1.264,UCSB-IZC00043586,Coleoptera,Coleoptera,7,Invertebrate
AB3N,7/4/21,3.6,1.806,UCSB-IZC00043593,Coleoptera,Coleoptera,0,Invertebrate
AB3N,7/1/21,1.7,0.326,UCSB-IZC00044826,Coleoptera,Coleoptera,12,Invertebrate
AB3N,1/20/21,2.8,0.786,UCSB-IZC00044827,Coleoptera,Coleoptera,24,Invertebrate
AB3N,12/4/20,3.7,1.655,UCSB-IZC00044853,Coleoptera,Coleoptera,1,Invertebrate
AB2S,10/12/20,1.4,0.226,UCSB-IZC00044854,Coleoptera,Coleoptera,56,Invertebrate
AB3N,12/4/20,1.6,0.615,UCSB-IZC00044859,Coleoptera,Coleoptera,25,Invertebrate
AB2S,10/12/20,2.1,0.623,UCSB-IZC00044860,Coleoptera,Coleoptera,20,Invertebrate
AB2S,10/12/20,3,1.187,UCSB-IZC00044866,Coleoptera,Coleoptera,12,Invertebrate
Pyramid Rock,12/21/20,2.5,0.753,UCSB-IZC00045486,Coleoptera,Coleoptera,9,Invertebrate
AB2S,4/16/21,2.7,0.984,UCSB-IZC00045491,Coleoptera,Coleoptera,2,Invertebrate
AB3S,4/16/21,1.6,0.497,UCSB-IZC00045499,Coleoptera,Coleoptera,1,Invertebrate
Pyramid Rock,12/12/20,2.2,1.062,UCSB-IZC00045511,Coleoptera,Coleoptera,12,Invertebrate
Pyramid Rock,12/21/20,2,0.433,UCSB-IZC00045535,Coleoptera,Coleoptera,1,Invertebrate
AB3S,4/16/21,1.8,0.547,UCSB-IZC00045907,Coleoptera,Coleoptera,56,Invertebrate
AB3S,4/16/21,1.8,0.291,UCSB-IZC00045913,Coleoptera,Coleoptera,7,Invertebrate
AB3S,4/16/21,1.6,0.441,UCSB-IZC00045947,Coleoptera,Coleoptera,23,Invertebrate
AB3S,4/16/21,2.3,0.616,UCSB-IZC00045948,Coleoptera,Coleoptera,3,Invertebrate
Pyramid Rock,12/21/20,2.9,0.917,UCSB-IZC00045957,Coleoptera,Coleoptera,0,Invertebrate
H31,2/10/20,1.9,0.51,UCSB-IZC00046046,Coleoptera,Coleoptera,2,Invertebrate
AB3,4/16/21,2.2,0.344,UCSB-IZC00046051,Coleoptera,Coleoptera,1,Invertebrate
AB3S,4/16/21,2,0.738,UCSB-IZC00046321,Coleoptera,Coleoptera,4,Invertebrate
AB3,4/16/21,3.1,0.833,UCSB-IZC00046340,Coleoptera,Coleoptera,0,Invertebrate
AB2,4/16/21,1.9,0.906,UCSB-IZC00046345,Coleoptera,Coleoptera,3,Invertebrate
AB2S,2/12/20,NA,NA,UCSB-IZC00046358,Coleoptera,Coleoptera,1,Invertebrate
H31,10/12/20,3.5,1.801,UCSB-IZC00046363,Coleoptera,Coleoptera,3,Invertebrate
Pyramid Rock,12/21/20,NA,0.312,UCSB-IZC00046381,Coleoptera,Coleoptera,6,Invertebrate
AB3S,4/16/21,2.8,0.97,UCSB-IZC00046453,Coleoptera,Coleoptera,0,Invertebrate
AB3S,4/16/21,2.9,0.507,UCSB-IZC00046468,Coleoptera,Coleoptera,0,Invertebrate
H31,12/21/20,3.2,0.754,UCSB-IZC00046741,Coleoptera,Coleoptera,14,Invertebrate
H32,12/22/20,2.7,1.204,UCSB-IZC00046796,Coleoptera,Coleoptera,54,Invertebrate
Pyramid Rock,12/22/20,3.3,0.902,UCSB-IZC00046831,Coleoptera,Coleoptera,31,Invertebrate
H31,12/10/20,1.9,0.441,UCSB-IZC00041840,"Forficula auricularia Linnaeus, 1758",Forficula,23,Invertebrate
AB3N,7/4/21,2.4,1.264,UCSB-IZC00043586,"Forficula auricularia Linnaeus, 1758",Forficula,78,Invertebrate
AB3N,7/4/21,3.6,1.806,UCSB-IZC00043593,"Forficula auricularia Linnaeus, 1758",Forficula,10,Invertebrate
AB3N,7/1/21,1.7,0.326,UCSB-IZC00044826,"Forficula auricularia Linnaeus, 1758",Forficula,18,Invertebrate
AB3N,1/20/21,2.8,0.786,UCSB-IZC00044827,"Forficula auricularia Linnaeus, 1758",Forficula,25,Invertebrate
AB3N,12/4/20,3.7,1.655,UCSB-IZC00044853,"Forficula auricularia Linnaeus, 1758",Forficula,5,Invertebrate
AB2S,10/12/20,1.4,0.226,UCSB-IZC00044854,"Forficula auricularia Linnaeus, 1758",Forficula,39,Invertebrate
AB3N,12/4/20,1.6,0.615,UCSB-IZC00044859,"Forficula auricularia Linnaeus, 1758",Forficula,39,Invertebrate
AB2S,10/12/20,2.1,0.623,UCSB-IZC00044860,"Forficula auricularia Linnaeus, 1758",Forficula,16,Invertebrate
AB2S,10/12/20,3,1.187,UCSB-IZC00044866,"Forficula auricularia Linnaeus, 1758",Forficula,36,Invertebrate
Pyramid Rock,12/21/20,2.5,0.753,UCSB-IZC00045486,"Forficula auricularia Linnaeus, 1758",Forficula,6,Invertebrate
AB2S,4/16/21,2.7,0.984,UCSB-IZC00045491,"Forficula auricularia Linnaeus, 1758",Forficula,10,Invertebrate
AB3S,4/16/21,1.6,0.497,UCSB-IZC00045499,"Forficula auricularia Linnaeus, 1758",Forficula,36,Invertebrate
Pyramid Rock,12/12/20,2.2,1.062,UCSB-IZC00045511,"Forficula auricularia Linnaeus, 1758",Forficula,41,Invertebrate
Pyramid Rock,12/21/20,2,0.433,UCSB-IZC00045535,"Forficula auricularia Linnaeus, 1758",Forficula,6,Invertebrate
AB3S,4/16/21,1.8,0.547,UCSB-IZC00045907,"Forficula auricularia Linnaeus, 1758",Forficula,0,Invertebrate
AB3S,4/16/21,1.8,0.291,UCSB-IZC00045913,"Forficula auricularia Linnaeus, 1758",Forficula,11,Invertebrate
AB3S,4/16/21,1.6,0.441,UCSB-IZC00045947,"Forficula auricularia Linnaeus, 1758",Forficula,16,Invertebrate
AB3S,4/16/21,2.3,0.616,UCSB-IZC00045948,"Forficula auricularia Linnaeus, 1758",Forficula,12,Invertebrate
Pyramid Rock,12/21/20,2.9,0.917,UCSB-IZC00045957,"Forficula auricularia Linnaeus, 1758",Forficula,8,Invertebrate
H31,2/10/20,1.9,0.51,UCSB-IZC00046046,"Forficula auricularia Linnaeus, 1758",Forficula,16,Invertebrate
AB3,4/16/21,2.2,0.344,UCSB-IZC00046051,"Forficula auricularia Linnaeus, 1758",Forficula,25,Invertebrate
AB3S,4/16/21,2,0.738,UCSB-IZC00046321,"Forficula auricularia Linnaeus, 1758",Forficula,16,Invertebrate
AB3,4/16/21,3.1,0.833,UCSB-IZC00046340,"Forficula auricularia Linnaeus, 1758",Forficula,72,Invertebrate
AB2,4/16/21,1.9,0.906,UCSB-IZC00046345,"Forficula auricularia Linnaeus, 1758",Forficula,18,Invertebrate
AB2S,2/12/20,NA,NA,UCSB-IZC00046358,"Forficula auricularia Linnaeus, 1758",Forficula,13,Invertebrate
H31,10/12/20,3.5,1.801,UCSB-IZC00046363,"Forficula auricularia Linnaeus, 1758",Forficula,17,Invertebrate
Pyramid Rock,12/21/20,NA,0.312,UCSB-IZC00046381,"Forficula auricularia Linnaeus, 1758",Forficula,29,Invertebrate
AB3S,4/16/21,2.8,0.97,UCSB-IZC00046453,"Forficula auricularia Linnaeus, 1758",Forficula,22,Invertebrate
AB3S,4/16/21,2.9,0.507,UCSB-IZC00046468,"Forficula auricularia Linnaeus, 1758",Forficula,14,Invertebrate
H31,12/21/20,3.2,0.754,UCSB-IZC00046741,"Forficula auricularia Linnaeus, 1758",Forficula,12,Invertebrate
H32,12/22/20,2.7,1.204,UCSB-IZC00046796,"Forficula auricularia Linnaeus, 1758",Forficula,11,Invertebrate
Pyramid Rock,12/22/20,3.3,0.902,UCSB-IZC00046831,"Forficula auricularia Linnaeus, 1758",Forficula,28,Invertebrate
H31,12/10/20,1.9,0.441,UCSB-IZC00041840,"Mus musculus Linnaeus, 1758",Mus,0,Vertebrate
AB3N,7/4/21,2.4,1.264,UCSB-IZC00043586,"Mus musculus Linnaeus, 1758",Mus,0,Vertebrate
AB3N,7/4/21,3.6,1.806,UCSB-IZC00043593,"Mus musculus Linnaeus, 1758",Mus,2,Vertebrate
AB3N,7/1/21,1.7,0.326,UCSB-IZC00044826,"Mus musculus Linnaeus, 1758",Mus,0,Vertebrate
AB3N,1/20/21,2.8,0.786,UCSB-IZC00044827,"Mus musculus Linnaeus, 1758",Mus,0,Vertebrate
AB3N,12/4/20,3.7,1.655,UCSB-IZC00044853,"Mus musculus Linnaeus, 1758",Mus,0,Vertebrate
AB2S,10/12/20,1.4,0.226,UCSB-IZC00044854,"Mus musculus Linnaeus, 1758",Mus,0,Vertebrate
AB3N,12/4/20,1.6,0.615,UCSB-IZC00044859,"Mus musculus Linnaeus, 1758",Mus,0,Vertebrate
AB2S,10/12/20,2.1,0.623,UCSB-IZC00044860,"Mus musculus Linnaeus, 1758",Mus,0,Vertebrate
AB2S,10/12/20,3,1.187,UCSB-IZC00044866,"Mus musculus Linnaeus, 1758",Mus,0,Vertebrate
Pyramid Rock,12/21/20,2.5,0.753,UCSB-IZC00045486,"Mus musculus Linnaeus, 1758",Mus,0,Vertebrate
AB2S,4/16/21,2.7,0.984,UCSB-IZC00045491,"Mus musculus Linnaeus, 1758",Mus,0,Vertebrate
AB3S,4/16/21,1.6,0.497,UCSB-IZC00045499,"Mus musculus Linnaeus, 1758",Mus,0,Vertebrate
Pyramid Rock,12/12/20,2.2,1.062,UCSB-IZC00045511,"Mus musculus Linnaeus, 1758",Mus,0,Vertebrate
Pyramid Rock,12/21/20,2,0.433,UCSB-IZC00045535,"Mus musculus Linnaeus, 1758",Mus,0,Vertebrate
AB3S,4/16/21,1.8,0.547,UCSB-IZC00045907,"Mus musculus Linnaeus, 1758",Mus,0,Vertebrate
AB3S,4/16/21,1.8,0.291,UCSB-IZC00045913,"Mus musculus Linnaeus, 1758",Mus,0,Vertebrate
AB3S,4/16/21,1.6,0.441,UCSB-IZC00045947,"Mus musculus Linnaeus, 1758",Mus,0,Vertebrate
AB3S,4/16/21,2.3,0.616,UCSB-IZC00045948,"Mus musculus Linnaeus, 1758",Mus,0,Vertebrate
Pyramid Rock,12/21/20,2.9,0.917,UCSB-IZC00045957,"Mus musculus Linnaeus, 1758",Mus,0,Vertebrate
H31,2/10/20,1.9,0.51,UCSB-IZC00046046,"Mus musculus Linnaeus, 1758",Mus,1,Vertebrate
AB3,4/16/21,2.2,0.344,UCSB-IZC00046051,"Mus musculus Linnaeus, 1758",Mus,0,Vertebrate
AB3S,4/16/21,2,0.738,UCSB-IZC00046321,"Mus musculus Linnaeus, 1758",Mus,0,Vertebrate
AB3,4/16/21,3.1,0.833,UCSB-IZC00046340,"Mus musculus Linnaeus, 1758",Mus,0,Vertebrate
AB2,4/16/21,1.9,0.906,UCSB-IZC00046345,"Mus musculus Linnaeus, 1758",Mus,0,Vertebrate
AB2S,2/12/20,NA,NA,UCSB-IZC00046358,"Mus musculus Linnaeus, 1758",Mus,0,Vertebrate
H31,10/12/20,3.5,1.801,UCSB-IZC00046363,"Mus musculus Linnaeus, 1758",Mus,2,Vertebrate
Pyramid Rock,12/21/20,NA,0.312,UCSB-IZC00046381,"Mus musculus Linnaeus, 1758",Mus,0,Vertebrate
AB3S,4/16/21,2.8,0.97,UCSB-IZC00046453,"Mus musculus Linnaeus, 1758",Mus,0,Vertebrate
AB3S,4/16/21,2.9,0.507,UCSB-IZC00046468,"Mus musculus Linnaeus, 1758",Mus,0,Vertebrate
H31,12/21/20,3.2,0.754,UCSB-IZC00046741,"Mus musculus Linnaeus, 1758",Mus,0,Vertebrate
H32,12/22/20,2.7,1.204,UCSB-IZC00046796,"Mus musculus Linnaeus, 1758",Mus,0,Vertebrate
Pyramid Rock,12/22/20,3.3,0.902,UCSB-IZC00046831,"Mus musculus Linnaeus, 1758",Mus,0,Vertebrate
H31,12/10/20,1.9,0.441,UCSB-IZC00041840,"Peromyscus sp. Gloger, 1841 (unconfirmed)",Peromyscus,0,Vertebrate
AB3N,7/4/21,2.4,1.264,UCSB-IZC00043586,"Peromyscus sp. Gloger, 1841 (unconfirmed)",Peromyscus,0,Vertebrate
AB3N,7/4/21,3.6,1.806,UCSB-IZC00043593,"Peromyscus sp. Gloger, 1841 (unconfirmed)",Peromyscus,0,Vertebrate
AB3N,7/1/21,1.7,0.326,UCSB-IZC00044826,"Peromyscus sp. Gloger, 1841 (unconfirmed)",Peromyscus,0,Vertebrate
AB3N,1/20/21,2.8,0.786,UCSB-IZC00044827,"Peromyscus sp. Gloger, 1841 (unconfirmed)",Peromyscus,0,Vertebrate
AB3N,12/4/20,3.7,1.655,UCSB-IZC00044853,"Peromyscus sp. Gloger, 1841 (unconfirmed)",Peromyscus,0,Vertebrate
AB2S,10/12/20,1.4,0.226,UCSB-IZC00044854,"Peromyscus sp. Gloger, 1841 (unconfirmed)",Peromyscus,0,Vertebrate
AB3N,12/4/20,1.6,0.615,UCSB-IZC00044859,"Peromyscus sp. Gloger, 1841 (unconfirmed)",Peromyscus,0,Vertebrate
AB2S,10/12/20,2.1,0.623,UCSB-IZC00044860,"Peromyscus sp. Gloger, 1841 (unconfirmed)",Peromyscus,0,Vertebrate
AB2S,10/12/20,3,1.187,UCSB-IZC00044866,"Peromyscus sp. Gloger, 1841 (unconfirmed)",Peromyscus,0,Vertebrate
Pyramid Rock,12/21/20,2.5,0.753,UCSB-IZC00045486,"Peromyscus sp. Gloger, 1841 (unconfirmed)",Peromyscus,0,Vertebrate
AB2S,4/16/21,2.7,0.984,UCSB-IZC00045491,"Peromyscus sp. Gloger, 1841 (unconfirmed)",Peromyscus,0,Vertebrate
AB3S,4/16/21,1.6,0.497,UCSB-IZC00045499,"Peromyscus sp. Gloger, 1841 (unconfirmed)",Peromyscus,0,Vertebrate
Pyramid Rock,12/12/20,2.2,1.062,UCSB-IZC00045511,"Peromyscus sp. Gloger, 1841 (unconfirmed)",Peromyscus,0,Vertebrate
Pyramid Rock,12/21/20,2,0.433,UCSB-IZC00045535,"Peromyscus sp. Gloger, 1841 (unconfirmed)",Peromyscus,0,Vertebrate
AB3S,4/16/21,1.8,0.547,UCSB-IZC00045907,"Peromyscus sp. Gloger, 1841 (unconfirmed)",Peromyscus,0,Vertebrate
AB3S,4/16/21,1.8,0.291,UCSB-IZC00045913,"Peromyscus sp. Gloger, 1841 (unconfirmed)",Peromyscus,0,Vertebrate
AB3S,4/16/21,1.6,0.441,UCSB-IZC00045947,"Peromyscus sp. Gloger, 1841 (unconfirmed)",Peromyscus,0,Vertebrate
AB3S,4/16/21,2.3,0.616,UCSB-IZC00045948,"Peromyscus sp. Gloger, 1841 (unconfirmed)",Peromyscus,0,Vertebrate
Pyramid Rock,12/21/20,2.9,0.917,UCSB-IZC00045957,"Peromyscus sp. Gloger, 1841 (unconfirmed)",Peromyscus,0,Vertebrate
H31,2/10/20,1.9,0.51,UCSB-IZC00046046,"Peromyscus sp. Gloger, 1841 (unconfirmed)",Peromyscus,0,Vertebrate
AB3,4/16/21,2.2,0.344,UCSB-IZC00046051,"Peromyscus sp. Gloger, 1841 (unconfirmed)",Peromyscus,0,Vertebrate
AB3S,4/16/21,2,0.738,UCSB-IZC00046321,"Peromyscus sp. Gloger, 1841 (unconfirmed)",Peromyscus,0,Vertebrate
AB3,4/16/21,3.1,0.833,UCSB-IZC00046340,"Peromyscus sp. Gloger, 1841 (unconfirmed)",Peromyscus,0,Vertebrate
AB2,4/16/21,1.9,0.906,UCSB-IZC00046345,"Peromyscus sp. Gloger, 1841 (unconfirmed)",Peromyscus,0,Vertebrate
AB2S,2/12/20,NA,NA,UCSB-IZC00046358,"Peromyscus sp. Gloger, 1841 (unconfirmed)",Peromyscus,0,Vertebrate
H31,10/12/20,3.5,1.801,UCSB-IZC00046363,"Peromyscus sp. Gloger, 1841 (unconfirmed)",Peromyscus,0,Vertebrate
Pyramid Rock,12/21/20,NA,0.312,UCSB-IZC00046381,"Peromyscus sp. Gloger, 1841 (unconfirmed)",Peromyscus,0,Vertebrate
AB3S,4/16/21,2.8,0.97,UCSB-IZC00046453,"Peromyscus sp. Gloger, 1841 (unconfirmed)",Peromyscus,0,Vertebrate
AB3S,4/16/21,2.9,0.507,UCSB-IZC00046468,"Peromyscus sp. Gloger, 1841 (unconfirmed)",Peromyscus,0,Vertebrate
H31,12/21/20,3.2,0.754,UCSB-IZC00046741,"Peromyscus sp. Gloger, 1841 (unconfirmed)",Peromyscus,0,Vertebrate
H32,12/22/20,2.7,1.204,UCSB-IZC00046796,"Peromyscus sp. Gloger, 1841 (unconfirmed)",Peromyscus,0,Vertebrate
Pyramid Rock,12/22/20,3.3,0.902,UCSB-IZC00046831,"Peromyscus sp. Gloger, 1841 (unconfirmed)",Peromyscus,0,Vertebrate
H31,12/10/20,1.9,0.441,UCSB-IZC00041840,"Reithrodontomys megalotis Baird, 1857",Reithrodontomys,0,Vertebrate
AB3N,7/4/21,2.4,1.264,UCSB-IZC00043586,"Reithrodontomys megalotis Baird, 1857",Reithrodontomys,2,Vertebrate
AB3N,7/4/21,3.6,1.806,UCSB-IZC00043593,"Reithrodontomys megalotis Baird, 1857",Reithrodontomys,0,Vertebrate
AB3N,7/1/21,1.7,0.326,UCSB-IZC00044826,"Reithrodontomys megalotis Baird, 1857",Reithrodontomys,0,Vertebrate
AB3N,1/20/21,2.8,0.786,UCSB-IZC00044827,"Reithrodontomys megalotis Baird, 1857",Reithrodontomys,2,Vertebrate
AB3N,12/4/20,3.7,1.655,UCSB-IZC00044853,"Reithrodontomys megalotis Baird, 1857",Reithrodontomys,0,Vertebrate
AB2S,10/12/20,1.4,0.226,UCSB-IZC00044854,"Reithrodontomys megalotis Baird, 1857",Reithrodontomys,0,Vertebrate
AB3N,12/4/20,1.6,0.615,UCSB-IZC00044859,"Reithrodontomys megalotis Baird, 1857",Reithrodontomys,0,Vertebrate
AB2S,10/12/20,2.1,0.623,UCSB-IZC00044860,"Reithrodontomys megalotis Baird, 1857",Reithrodontomys,1,Vertebrate
AB2S,10/12/20,3,1.187,UCSB-IZC00044866,"Reithrodontomys megalotis Baird, 1857",Reithrodontomys,3,Vertebrate
Pyramid Rock,12/21/20,2.5,0.753,UCSB-IZC00045486,"Reithrodontomys megalotis Baird, 1857",Reithrodontomys,0,Vertebrate
AB2S,4/16/21,2.7,0.984,UCSB-IZC00045491,"Reithrodontomys megalotis Baird, 1857",Reithrodontomys,0,Vertebrate
AB3S,4/16/21,1.6,0.497,UCSB-IZC00045499,"Reithrodontomys megalotis Baird, 1857",Reithrodontomys,0,Vertebrate
Pyramid Rock,12/12/20,2.2,1.062,UCSB-IZC00045511,"Reithrodontomys megalotis Baird, 1857",Reithrodontomys,1,Vertebrate
Pyramid Rock,12/21/20,2,0.433,UCSB-IZC00045535,"Reithrodontomys megalotis Baird, 1857",Reithrodontomys,2,Vertebrate
AB3S,4/16/21,1.8,0.547,UCSB-IZC00045907,"Reithrodontomys megalotis Baird, 1857",Reithrodontomys,0,Vertebrate
AB3S,4/16/21,1.8,0.291,UCSB-IZC00045913,"Reithrodontomys megalotis Baird, 1857",Reithrodontomys,0,Vertebrate
AB3S,4/16/21,1.6,0.441,UCSB-IZC00045947,"Reithrodontomys megalotis Baird, 1857",Reithrodontomys,0,Vertebrate
AB3S,4/16/21,2.3,0.616,UCSB-IZC00045948,"Reithrodontomys megalotis Baird, 1857",Reithrodontomys,0,Vertebrate
Pyramid Rock,12/21/20,2.9,0.917,UCSB-IZC00045957,"Reithrodontomys megalotis Baird, 1857",Reithrodontomys,0,Vertebrate
H31,2/10/20,1.9,0.51,UCSB-IZC00046046,"Reithrodontomys megalotis Baird, 1857",Reithrodontomys,0,Vertebrate
AB3,4/16/21,2.2,0.344,UCSB-IZC00046051,"Reithrodontomys megalotis Baird, 1857",Reithrodontomys,0,Vertebrate
AB3S,4/16/21,2,0.738,UCSB-IZC00046321,"Reithrodontomys megalotis Baird, 1857",Reithrodontomys,0,Vertebrate
AB3,4/16/21,3.1,0.833,UCSB-IZC00046340,"Reithrodontomys megalotis Baird, 1857",Reithrodontomys,0,Vertebrate
AB2,4/16/21,1.9,0.906,UCSB-IZC00046345,"Reithrodontomys megalotis Baird, 1857",Reithrodontomys,1,Vertebrate
AB2S,2/12/20,NA,NA,UCSB-IZC00046358,"Reithrodontomys megalotis Baird, 1857",Reithrodontomys,0,Vertebrate
H31,10/12/20,3.5,1.801,UCSB-IZC00046363,"Reithrodontomys megalotis Baird, 1857",Reithrodontomys,0,Vertebrate
Pyramid Rock,12/21/20,NA,0.312,UCSB-IZC00046381,"Reithrodontomys megalotis Baird, 1857",Reithrodontomys,0,Vertebrate
AB3S,4/16/21,2.8,0.97,UCSB-IZC00046453,"Reithrodontomys megalotis Baird, 1857",Reithrodontomys,5,Vertebrate
AB3S,4/16/21,2.9,0.507,UCSB-IZC00046468,"Reithrodontomys megalotis Baird, 1857",Reithrodontomys,0,Vertebrate
H31,12/21/20,3.2,0.754,UCSB-IZC00046741,"Reithrodontomys megalotis Baird, 1857",Reithrodontomys,2,Vertebrate
H32,12/22/20,2.7,1.204,UCSB-IZC00046796,"Reithrodontomys megalotis Baird, 1857",Reithrodontomys,5,Vertebrate
Pyramid Rock,12/22/20,3.3,0.902,UCSB-IZC00046831,"Reithrodontomys megalotis Baird, 1857",Reithrodontomys,0,Vertebrate
H31,12/10/20,1.9,0.441,UCSB-IZC00041840,Rodentia sp.,Rodentia,1,Vertebrate
AB3N,7/4/21,2.4,1.264,UCSB-IZC00043586,Rodentia sp.,Rodentia,0,Vertebrate
AB3N,7/4/21,3.6,1.806,UCSB-IZC00043593,Rodentia sp.,Rodentia,0,Vertebrate
AB3N,7/1/21,1.7,0.326,UCSB-IZC00044826,Rodentia sp.,Rodentia,0,Vertebrate
AB3N,1/20/21,2.8,0.786,UCSB-IZC00044827,Rodentia sp.,Rodentia,0,Vertebrate
AB3N,12/4/20,3.7,1.655,UCSB-IZC00044853,Rodentia sp.,Rodentia,0,Vertebrate
AB2S,10/12/20,1.4,0.226,UCSB-IZC00044854,Rodentia sp.,Rodentia,0,Vertebrate
AB3N,12/4/20,1.6,0.615,UCSB-IZC00044859,Rodentia sp.,Rodentia,1,Vertebrate
AB2S,10/12/20,2.1,0.623,UCSB-IZC00044860,Rodentia sp.,Rodentia,0,Vertebrate
AB2S,10/12/20,3,1.187,UCSB-IZC00044866,Rodentia sp.,Rodentia,0,Vertebrate
Pyramid Rock,12/21/20,2.5,0.753,UCSB-IZC00045486,Rodentia sp.,Rodentia,1,Vertebrate
AB2S,4/16/21,2.7,0.984,UCSB-IZC00045491,Rodentia sp.,Rodentia,2,Vertebrate
AB3S,4/16/21,1.6,0.497,UCSB-IZC00045499,Rodentia sp.,Rodentia,0,Vertebrate
Pyramid Rock,12/12/20,2.2,1.062,UCSB-IZC00045511,Rodentia sp.,Rodentia,0,Vertebrate
Pyramid Rock,12/21/20,2,0.433,UCSB-IZC00045535,Rodentia sp.,Rodentia,0,Vertebrate
AB3S,4/16/21,1.8,0.547,UCSB-IZC00045907,Rodentia sp.,Rodentia,0,Vertebrate
AB3S,4/16/21,1.8,0.291,UCSB-IZC00045913,Rodentia sp.,Rodentia,0,Vertebrate
AB3S,4/16/21,1.6,0.441,UCSB-IZC00045947,Rodentia sp.,Rodentia,0,Vertebrate
AB3S,4/16/21,2.3,0.616,UCSB-IZC00045948,Rodentia sp.,Rodentia,0,Vertebrate
Pyramid Rock,12/21/20,2.9,0.917,UCSB-IZC00045957,Rodentia sp.,Rodentia,0,Vertebrate
H31,2/10/20,1.9,0.51,UCSB-IZC00046046,Rodentia sp.,Rodentia,0,Vertebrate
AB3,4/16/21,2.2,0.344,UCSB-IZC00046051,Rodentia sp.,Rodentia,0,Vertebrate
AB3S,4/16/21,2,0.738,UCSB-IZC00046321,Rodentia sp.,Rodentia,0,Vertebrate
AB3,4/16/21,3.1,0.833,UCSB-IZC00046340,Rodentia sp.,Rodentia,1,Vertebrate
AB2,4/16/21,1.9,0.906,UCSB-IZC00046345,Rodentia sp.,Rodentia,0,Vertebrate
AB2S,2/12/20,NA,NA,UCSB-IZC00046358,Rodentia sp.,Rodentia,2,Vertebrate
H31,10/12/20,3.5,1.801,UCSB-IZC00046363,Rodentia sp.,Rodentia,0,Vertebrate
Pyramid Rock,12/21/20,NA,0.312,UCSB-IZC00046381,Rodentia sp.,Rodentia,0,Vertebrate
AB3S,4/16/21,2.8,0.97,UCSB-IZC00046453,Rodentia sp.,Rodentia,0,Vertebrate
AB3S,4/16/21,2.9,0.507,UCSB-IZC00046468,Rodentia sp.,Rodentia,0,Vertebrate
H31,12/21/20,3.2,0.754,UCSB-IZC00046741,Rodentia sp.,Rodentia,0,Vertebrate
H32,12/22/20,2.7,1.204,UCSB-IZC00046796,Rodentia sp.,Rodentia,0,Vertebrate
Pyramid Rock,12/22/20,3.3,0.902,UCSB-IZC00046831,Rodentia sp.,Rodentia,2,Vertebrate
H31,12/10/20,1.9,0.441,UCSB-IZC00041840,"Thomomys bottae Eydoux and Gervais, 1836",Thomomys,0,Vertebrate
AB3N,7/4/21,2.4,1.264,UCSB-IZC00043586,"Thomomys bottae Eydoux and Gervais, 1836",Thomomys,0,Vertebrate
AB3N,7/4/21,3.6,1.806,UCSB-IZC00043593,"Thomomys bottae Eydoux and Gervais, 1836",Thomomys,0,Vertebrate
AB3N,7/1/21,1.7,0.326,UCSB-IZC00044826,"Thomomys bottae Eydoux and Gervais, 1836",Thomomys,0,Vertebrate
AB3N,1/20/21,2.8,0.786,UCSB-IZC00044827,"Thomomys bottae Eydoux and Gervais, 1836",Thomomys,0,Vertebrate
AB3N,12/4/20,3.7,1.655,UCSB-IZC00044853,"Thomomys bottae Eydoux and Gervais, 1836",Thomomys,1,Vertebrate
AB2S,10/12/20,1.4,0.226,UCSB-IZC00044854,"Thomomys bottae Eydoux and Gervais, 1836",Thomomys,0,Vertebrate
AB3N,12/4/20,1.6,0.615,UCSB-IZC00044859,"Thomomys bottae Eydoux and Gervais, 1836",Thomomys,0,Vertebrate
AB2S,10/12/20,2.1,0.623,UCSB-IZC00044860,"Thomomys bottae Eydoux and Gervais, 1836",Thomomys,0,Vertebrate
AB2S,10/12/20,3,1.187,UCSB-IZC00044866,"Thomomys bottae Eydoux and Gervais, 1836",Thomomys,0,Vertebrate
Pyramid Rock,12/21/20,2.5,0.753,UCSB-IZC00045486,"Thomomys bottae Eydoux and Gervais, 1836",Thomomys,0,Vertebrate
AB2S,4/16/21,2.7,0.984,UCSB-IZC00045491,"Thomomys bottae Eydoux and Gervais, 1836",Thomomys,0,Vertebrate
AB3S,4/16/21,1.6,0.497,UCSB-IZC00045499,"Thomomys bottae Eydoux and Gervais, 1836",Thomomys,0,Vertebrate
Pyramid Rock,12/12/20,2.2,1.062,UCSB-IZC00045511,"Thomomys bottae Eydoux and Gervais, 1836",Thomomys,0,Vertebrate
Pyramid Rock,12/21/20,2,0.433,UCSB-IZC00045535,"Thomomys bottae Eydoux and Gervais, 1836",Thomomys,0,Vertebrate
AB3S,4/16/21,1.8,0.547,UCSB-IZC00045907,"Thomomys bottae Eydoux and Gervais, 1836",Thomomys,0,Vertebrate
AB3S,4/16/21,1.8,0.291,UCSB-IZC00045913,"Thomomys bottae Eydoux and Gervais, 1836",Thomomys,0,Vertebrate
AB3S,4/16/21,1.6,0.441,UCSB-IZC00045947,"Thomomys bottae Eydoux and Gervais, 1836",Thomomys,0,Vertebrate
AB3S,4/16/21,2.3,0.616,UCSB-IZC00045948,"Thomomys bottae Eydoux and Gervais, 1836",Thomomys,0,Vertebrate
Pyramid Rock,12/21/20,2.9,0.917,UCSB-IZC00045957,"Thomomys bottae Eydoux and Gervais, 1836",Thomomys,0,Vertebrate
H31,2/10/20,1.9,0.51,UCSB-IZC00046046,"Thomomys bottae Eydoux and Gervais, 1836",Thomomys,0,Vertebrate
AB3,4/16/21,2.2,0.344,UCSB-IZC00046051,"Thomomys bottae Eydoux and Gervais, 1836",Thomomys,0,Vertebrate
AB3S,4/16/21,2,0.738,UCSB-IZC00046321,"Thomomys bottae Eydoux and Gervais, 1836",Thomomys,0,Vertebrate
AB3,4/16/21,3.1,0.833,UCSB-IZC00046340,"Thomomys bottae Eydoux and Gervais, 1836",Thomomys,0,Vertebrate
AB2,4/16/21,1.9,0.906,UCSB-IZC00046345,"Thomomys bottae Eydoux and Gervais, 1836",Thomomys,0,Vertebrate
AB2S,2/12/20,NA,NA,UCSB-IZC00046358,"Thomomys bottae Eydoux and Gervais, 1836",Thomomys,0,Vertebrate
H31,10/12/20,3.5,1.801,UCSB-IZC00046363,"Thomomys bottae Eydoux and Gervais, 1836",Thomomys,0,Vertebrate
Pyramid Rock,12/21/20,NA,0.312,UCSB-IZC00046381,"Thomomys bottae Eydoux and Gervais, 1836",Thomomys,0,Vertebrate
AB3S,4/16/21,2.8,0.97,UCSB-IZC00046453,"Thomomys bottae Eydoux and Gervais, 1836",Thomomys,0,Vertebrate
AB3S,4/16/21,2.9,0.507,UCSB-IZC00046468,"Thomomys bottae Eydoux and Gervais, 1836",Thomomys,0,Vertebrate
H31,12/21/20,3.2,0.754,UCSB-IZC00046741,"Thomomys bottae Eydoux and Gervais, 1836",Thomomys,0,Vertebrate
H32,12/22/20,2.7,1.204,UCSB-IZC00046796,"Thomomys bottae Eydoux and Gervais, 1836",Thomomys,0,Vertebrate
Pyramid Rock,12/22/20,3.3,0.902,UCSB-IZC00046831,"Thomomys bottae Eydoux and Gervais, 1836",Thomomys,0,Vertebrate
H31,12/10/20,1.9,0.441,UCSB-IZC00041840,"Vespula pennsylvanica (de Saussure, 1857)",Vespula,0,Invertebrate
AB3N,7/4/21,2.4,1.264,UCSB-IZC00043586,"Vespula pennsylvanica (de Saussure, 1857)",Vespula,0,Invertebrate
AB3N,7/4/21,3.6,1.806,UCSB-IZC00043593,"Vespula pennsylvanica (de Saussure, 1857)",Vespula,0,Invertebrate
AB3N,7/1/21,1.7,0.326,UCSB-IZC00044826,"Vespula pennsylvanica (de Saussure, 1857)",Vespula,0,Invertebrate
AB3N,1/20/21,2.8,0.786,UCSB-IZC00044827,"Vespula pennsylvanica (de Saussure, 1857)",Vespula,0,Invertebrate
AB3N,12/4/20,3.7,1.655,UCSB-IZC00044853,"Vespula pennsylvanica (de Saussure, 1857)",Vespula,0,Invertebrate
AB2S,10/12/20,1.4,0.226,UCSB-IZC00044854,"Vespula pennsylvanica (de Saussure, 1857)",Vespula,0,Invertebrate
AB3N,12/4/20,1.6,0.615,UCSB-IZC00044859,"Vespula pennsylvanica (de Saussure, 1857)",Vespula,0,Invertebrate
AB2S,10/12/20,2.1,0.623,UCSB-IZC00044860,"Vespula pennsylvanica (de Saussure, 1857)",Vespula,0,Invertebrate
AB2S,10/12/20,3,1.187,UCSB-IZC00044866,"Vespula pennsylvanica (de Saussure, 1857)",Vespula,0,Invertebrate
Pyramid Rock,12/21/20,2.5,0.753,UCSB-IZC00045486,"Vespula pennsylvanica (de Saussure, 1857)",Vespula,0,Invertebrate
AB2S,4/16/21,2.7,0.984,UCSB-IZC00045491,"Vespula pennsylvanica (de Saussure, 1857)",Vespula,0,Invertebrate
AB3S,4/16/21,1.6,0.497,UCSB-IZC00045499,"Vespula pennsylvanica (de Saussure, 1857)",Vespula,0,Invertebrate
Pyramid Rock,12/12/20,2.2,1.062,UCSB-IZC00045511,"Vespula pennsylvanica (de Saussure, 1857)",Vespula,0,Invertebrate
Pyramid Rock,12/21/20,2,0.433,UCSB-IZC00045535,"Vespula pennsylvanica (de Saussure, 1857)",Vespula,0,Invertebrate
AB3S,4/16/21,1.8,0.547,UCSB-IZC00045907,"Vespula pennsylvanica (de Saussure, 1857)",Vespula,0,Invertebrate
AB3S,4/16/21,1.8,0.291,UCSB-IZC00045913,"Vespula pennsylvanica (de Saussure, 1857)",Vespula,0,Invertebrate
AB3S,4/16/21,1.6,0.441,UCSB-IZC00045947,"Vespula pennsylvanica (de Saussure, 1857)",Vespula,0,Invertebrate
AB3S,4/16/21,2.3,0.616,UCSB-IZC00045948,"Vespula pennsylvanica (de Saussure, 1857)",Vespula,0,Invertebrate
Pyramid Rock,12/21/20,2.9,0.917,UCSB-IZC00045957,"Vespula pennsylvanica (de Saussure, 1857)",Vespula,2,Invertebrate
H31,2/10/20,1.9,0.51,UCSB-IZC00046046,"Vespula pennsylvanica (de Saussure, 1857)",Vespula,0,Invertebrate
AB3,4/16/21,2.2,0.344,UCSB-IZC00046051,"Vespula pennsylvanica (de Saussure, 1857)",Vespula,0,Invertebrate
AB3S,4/16/21,2,0.738,UCSB-IZC00046321,"Vespula pennsylvanica (de Saussure, 1857)",Vespula,0,Invertebrate
AB3,4/16/21,3.1,0.833,UCSB-IZC00046340,"Vespula pennsylvanica (de Saussure, 1857)",Vespula,0,Invertebrate
AB2,4/16/21,1.9,0.906,UCSB-IZC00046345,"Vespula pennsylvanica (de Saussure, 1857)",Vespula,0,Invertebrate
AB2S,2/12/20,NA,NA,UCSB-IZC00046358,"Vespula pennsylvanica (de Saussure, 1857)",Vespula,0,Invertebrate
H31,10/12/20,3.5,1.801,UCSB-IZC00046363,"Vespula pennsylvanica (de Saussure, 1857)",Vespula,1,Invertebrate
Pyramid Rock,12/21/20,NA,0.312,UCSB-IZC00046381,"Vespula pennsylvanica (de Saussure, 1857)",Vespula,1,Invertebrate
AB3S,4/16/21,2.8,0.97,UCSB-IZC00046453,"Vespula pennsylvanica (de Saussure, 1857)",Vespula,0,Invertebrate
AB3S,4/16/21,2.9,0.507,UCSB-IZC00046468,"Vespula pennsylvanica (de Saussure, 1857)",Vespula,0,Invertebrate
H31,12/21/20,3.2,0.754,UCSB-IZC00046741,"Vespula pennsylvanica (de Saussure, 1857)",Vespula,0,Invertebrate
H32,12/22/20,2.7,1.204,UCSB-IZC00046796,"Vespula pennsylvanica (de Saussure, 1857)",Vespula,0,Invertebrate
Pyramid Rock,12/22/20,3.3,0.902,UCSB-IZC00046831,"Vespula pennsylvanica (de Saussure, 1857)",Vespula,0,Invertebrate