Burrow_Presence,Date_and_Time,Burrow_Suitability,GlobalID,CreationDate,Creator,EditDate,Editor,Notes,OwlSighting,NEAR_FID,NEAR_DIST,NEAR_FC,NEAR_X,NEAR_Y,X,Y,GridID,x,y
Yes,2025-03-19T19:58:50Z,1,{C9BFDAFF-E5F4-4C7B-8FBA-09F2D94F79C5},2025-03-07T00:20:25Z,CCBER-Admin,2025-09-26T20:18:20Z,CCBER-Admin,Owl flushed. Poop pellets ,1,39,492.8286450552699,Raptor_Perches,-120.45138214205888,34.4474899806645,-120.45496273,34.44462172,677,-120.4549627267117,34.44462172054258
Yes,2025-03-19T16:56:10Z,2,{17417ADF-B373-4C78-B74D-B7ACFB1C3471},2025-03-07T00:20:25Z,CCBER-Admin,2025-09-26T20:18:23Z,CCBER-Admin,No sign now but where we collected pellets and saw one last trip,NA,-1,-1,NA,-1,-1,-120.45699609,34.44574587,1285,-120.45699609159625,34.44574587272832
Yes,2025-03-19T18:51:55Z,1,{7098D44E-CA92-4DB9-9A8D-EEE69C3E3D49},2025-03-07T00:20:25Z,CCBER-Admin,2025-09-26T20:18:24Z,CCBER-Admin,Owl flushed/ pellets collected ,1,39,446.647890041652,Raptor_Perches,-120.45138214205888,34.4474899806645,-120.45546815,34.44589426,1375,-120.45546814809553,34.44589426515481
Yes,2025-03-19T18:46:01Z,1,{9BDA3E51-6C77-4493-A964-BBA0847E23AF},2025-03-07T00:20:25Z,CCBER-Admin,2025-09-26T20:18:26Z,CCBER-Admin,"Several pellets way down in the burrow, droppings outside",NA,39,490.738073770575,Raptor_Perches,-120.45138214205888,34.4474899806645,-120.45610936,34.44626838,1588,-120.4561093652553,34.44626838000488
Yes,2025-03-19T18:29:49Z,1,{8F5ECEF5-D165-46A4-9CBB-35FB4FE8D776},2025-03-07T00:20:25Z,CCBER-Admin,2025-09-26T20:18:27Z,CCBER-Admin,"Owl seen and flushed across road, 2.5 pellets a few droppings ",1,39,515.9392518249567,Raptor_Perches,-120.45138214205888,34.4474899806645,-120.45643042,34.44645544,1697,-120.4564304221727,34.4464554403307
Yes,2025-03-19T21:25:27Z,1,{D02F39B4-66ED-4B51-809D-A34DC0260476},2025-03-07T00:20:25Z,CCBER-Admin,2025-09-26T20:18:28Z,CCBER-Admin,We collected pellets here earlier first trip ,NA,37,630.6407760292801,Raptor_Perches,-120.45155232878777,34.44828625031528,-120.45781448,34.44747572,2396,-120.45781447622122,34.44747572034568
Yes,2025-04-02T20:41:33Z,1,{D6618A1C-2AD7-4A90-BB38-E0032D2A688C},2025-03-07T00:20:25Z,CCBER-Admin,2025-09-26T20:18:30Z,CCBER-Admin,Few burrows here extremely thick veldt,NA,41,168.60925830256085,Raptor_Perches,-120.45151216241649,34.4481654831609,-120.44983659,34.44857154,3622,-120.44983658595646,34.44857154450715
Yes,2025-03-26T18:10:59Z,1,{F42071DC-3D21-4B26-A45E-57D88BABE66B},2025-03-07T00:20:25Z,CCBER-Admin,2025-09-26T20:18:36Z,CCBER-Admin,Bird flushed ,1,47,264.03947377912436,Raptor_Perches,-120.45779530290712,34.45357162793555,-120.45867243,34.45146017,9298,-120.45867242598126,34.4514601675163
No,2025-03-26T18:15:29Z,NA,{ECE11610-F1D5-4E45-B12A-24942DF5EE68},2025-03-07T00:20:25Z,CCBER-Admin,2025-09-26T20:18:37Z,CCBER-Admin,Pellets could be from 9298 bird nearby (it flushed),NA,-1,-1,NA,-1,-1,-120.45878125,34.45146242,9306,-120.45878124738108,34.45146241778286
Yes,2025-03-26T20:02:08Z,1,{E8BF3A4C-DE3A-4EA1-AEB7-9380FA26FC16},2025-03-07T00:20:25Z,CCBER-Admin,2025-09-26T20:18:42Z,CCBER-Admin,Owl spooked ,1,31,175.78628411974967,Raptor_Perches,-120.46648255249036,34.4533198065332,-120.46483908,34.4526702,12040,-120.46483908352344,34.45267020871301
Yes,2025-03-26T18:31:53Z,1,{6A15DC35-EED9-4883-8541-A42C633A577E},2025-03-07T00:20:25Z,CCBER-Admin,2025-09-26T20:18:43Z,CCBER-Admin,NA,NA,47,308.03621850595295,Raptor_Perches,-120.45779530290712,34.45357162793555,-120.46080742,34.45285681,12489,-120.46080741919444,34.4528568150508
Yes,2025-03-26T18:32:55Z,1,{167A54F8-BD78-4938-B7AE-DA2BD7C77060},2025-03-07T00:20:25Z,CCBER-Admin,2025-09-26T20:18:45Z,CCBER-Admin,No owl seen but a few droppings  2 pellet,NA,47,310.90240007938155,Raptor_Perches,-120.45779530290712,34.45357162793555,-120.46090725,34.45312931,13152,-120.46090724465749,34.45312930708197
Yes,2025-03-31T20:50:56Z,3,{88FFF298-A294-4176-8DDD-E0263D43B277},2025-03-07T00:20:25Z,CCBER-Admin,2025-09-26T20:18:56Z,CCBER-Admin,NA,NA,NA,NA,NA,NA,NA,-120.455733,34.45509523,18134,-120.45573299362641,34.455095224502884
Yes,2025-04-02T18:53:51Z,1,{EFCB0E98-50E1-48A8-98CC-5174298E060D},2025-03-07T00:20:25Z,CCBER-Admin,2025-09-26T20:19:01Z,CCBER-Admin,pellets and droppings,NA,NA,NA,NA,NA,NA,-120.45970575,34.45689072,22654,-120.45970574955159,34.456890721300596
Yes,2025-03-26T20:55:04Z,1,{234DA3B3-B60E-4459-B974-89121BF8A9B9},2025-03-07T00:20:25Z,CCBER-Admin,2025-09-26T20:19:19Z,CCBER-Admin,"Owl spooked, let us get really close ",NA,NA,NA,NA,NA,NA,-120.46665571,34.46100152,31279,-120.46665571679249,34.46100152358493
Yes,2025-03-26T21:00:30Z,1,{43A55887-BC88-42A4-A83F-2B13075A9230},2025-03-07T00:20:25Z,CCBER-Admin,2025-09-26T20:19:21Z,CCBER-Admin,"One pellet, lightly used only",NA,NA,NA,NA,NA,NA,-120.46663593,34.4616324,32408,-120.46663592894038,34.46163239844559
No,2025-03-26T21:07:05Z,NA,{49B5B245-78AB-41B6-B801-CFC517E4B995},2025-03-07T00:20:25Z,CCBER-Admin,2025-09-26T20:19:23Z,CCBER-Admin,Two pellets maybe coyote ,NA,NA,NA,NA,NA,NA,-120.46716653,34.4620942,33211,-120.46716652729398,34.462094202084565
Yes,2025-03-26T21:10:56Z,1,{00DCCBF8-72E8-48DE-AA06-023D20740CCA},2025-03-07T00:20:25Z,CCBER-Admin,2025-09-26T20:19:25Z,CCBER-Admin,NA,NA,NA,NA,NA,NA,NA,-120.4670524,34.46227205,33512,-120.46705239690947,34.462272041904924
Yes,2025-03-31T20:00:06Z,1,{1A14CFB7-55A1-4014-AB2C-71ABE235C452},2025-03-07T00:20:25Z,CCBER-Admin,2025-09-26T20:19:26Z,CCBER-Admin,NA,NA,NA,NA,NA,NA,NA,-120.45823086,34.46244943,33809,-120.45823086415778,34.46244943115896
Yes,2025-03-31T17:52:48Z,1,{FD0443B3-7F5F-46ED-BD08-E06C6A029BF5},2025-03-07T00:20:25Z,CCBER-Admin,2025-09-26T20:19:28Z,CCBER-Admin,No owl seen ,NA,NA,NA,NA,NA,NA,-120.46224184,34.46298363,34675,-120.46224183769533,34.46298363065987
Yes,2025-03-31T17:43:50Z,1,{B53E805E-B128-4656-A238-301995BF111F},2025-03-07T00:20:25Z,CCBER-Admin,2025-09-26T20:19:32Z,CCBER-Admin,2 pellets looks abandoned by now,NA,NA,NA,NA,NA,NA,-120.46198306,34.46433043,36703,-120.46198306302571,34.46433042336559
Yes,2025-04-02T22:25:00Z,1,{6E920D03-2ABC-4D4E-B5B9-EFC57B0E06BE},2025-03-07T00:20:25Z,CCBER-Admin,2025-09-26T20:19:32Z,CCBER-Admin,dropping and pellet,NA,NA,NA,NA,NA,NA,-120.46666282,34.46433733,36713,-120.46666282297834,34.46433732959075
No,2025-03-31T21:33:04Z,NA,{8346DC4F-9668-4B1A-90A9-5A1014ECCF82},2025-03-07T00:20:25Z,CCBER-Admin,2025-09-26T20:19:40Z,CCBER-Admin,"Pellets, former burrow filled by gophers ",NA,NA,NA,NA,NA,NA,-120.47222171,34.47130394,42468,-120.47222170303067,34.47130393318161
